{
  "images": [
    {
      "id": "rock",
      "url": "https://emojigraph.org/media/facebook/raised-fist-medium-light-skin-tone_270a-1f3fc.png",
      "description": "rock"
    },
    {
      "id": "paper",
      "url": "https://emojigraph.org/media/facebook/leftwards-hand-medium-light-skin-tone_1faf2-1f3fc.png",
      "description": "paper"
    },
    {
      "id": "scissors",
      "url": "https://emojigraph.org/media/facebook/victory-hand-medium-light-skin-tone_270c-1f3fc.png",
      "description": "scissors"
    }
  ],
  "mainImage": {
    "id": "welcome",
    "url": "https://www.science.org/do/10.1126/science.aac4663/full/sn-rockpaper-1710959208093.jpg",
    "description": "rps"
  }
}
